Campaign,Callout text
AMO - Rendering Core,15-Year Guarantee
AMO - Rendering Core,K-Rend Approved
AMO - Rendering Core,£5m Public Liability
AMO - Rendering Core,Free Site Visit
AMO - Rendering Core,Written Fixed Quotes
AMO - Rendering Core,Local Grays Team
AMO - Rendering Systems,15-Year Guarantee
AMO - Rendering Systems,K-Rend Approved
AMO - Rendering Systems,£5m Public Liability
AMO - Rendering Systems,Free Site Visit
AMO - Rendering Systems,Written Fixed Quotes
AMO - Rendering Systems,Local Grays Team
AMO - Repairs,Fast Local Callout
AMO - Repairs,Free Site Visit
AMO - Repairs,£5m Public Liability
AMO - Repairs,Written Fixed Quotes
AMO - Repairs,Local Grays Team
AMO - Repairs,Small Jobs Welcome
