Campaign,Ad Group,Keyword,Match Type,Max CPC,Final URL
AMO - Rendering Core,Rendering Grays,rendering grays,Phrase,2.80,https://amorendering.co.uk/free-quote
AMO - Rendering Core,Rendering Grays,renderers grays,Phrase,2.80,https://amorendering.co.uk/free-quote
AMO - Rendering Core,Rendering Grays,rendering thurrock,Phrase,2.80,https://amorendering.co.uk/free-quote
AMO - Rendering Core,Rendering Grays,house rendering grays,Exact,3.00,https://amorendering.co.uk/free-quote
AMO - Rendering Core,Rendering Grays,rendering company grays,Exact,3.00,https://amorendering.co.uk/free-quote
AMO - Rendering Core,Rendering Grays,rendering essex,Phrase,2.50,https://amorendering.co.uk/free-quote
AMO - Rendering Core,Rendering Grays,renderers essex,Phrase,2.50,https://amorendering.co.uk/free-quote
AMO - Rendering Core,Rendering Grays,house rendering essex,Phrase,2.50,https://amorendering.co.uk/free-quote
AMO - Rendering Core,House Rendering,house rendering,Phrase,2.50,https://amorendering.co.uk/free-quote
AMO - Rendering Core,House Rendering,rendering company,Phrase,2.50,https://amorendering.co.uk/free-quote
AMO - Rendering Core,House Rendering,rendering company near me,Phrase,2.80,https://amorendering.co.uk/free-quote
AMO - Rendering Core,House Rendering,rendering companies near me,Phrase,2.80,https://amorendering.co.uk/free-quote
AMO - Rendering Core,House Rendering,renderers near me,Phrase,2.80,https://amorendering.co.uk/free-quote
AMO - Rendering Core,House Rendering,rendering near me,Phrase,2.80,https://amorendering.co.uk/free-quote
AMO - Rendering Core,House Rendering,rendering services,Phrase,2.30,https://amorendering.co.uk/free-quote
AMO - Rendering Core,House Rendering,exterior rendering,Phrase,2.30,https://amorendering.co.uk/free-quote
AMO - Rendering Core,House Rendering,render specialists,Phrase,2.30,https://amorendering.co.uk/free-quote
AMO - Rendering Core,House Rendering,rendering contractors,Phrase,2.30,https://amorendering.co.uk/free-quote
AMO - Rendering Core,House Rendering,rendering quote,Phrase,2.50,https://amorendering.co.uk/free-quote
AMO - Rendering Core,House Rendering,get my house rendered,Phrase,2.50,https://amorendering.co.uk/free-quote
AMO - Rendering Core,House Rendering,render my house,Phrase,2.50,https://amorendering.co.uk/free-quote
AMO - Rendering Systems,Silicone Render,silicone render,Phrase,2.50,https://amorendering.co.uk/free-quote/silicone
AMO - Rendering Systems,Silicone Render,silicone rendering near me,Phrase,2.50,https://amorendering.co.uk/free-quote/silicone
AMO - Rendering Systems,Silicone Render,silicone render quote,Phrase,2.50,https://amorendering.co.uk/free-quote/silicone
AMO - Rendering Systems,Silicone Render,silicone render essex,Exact,2.80,https://amorendering.co.uk/free-quote/silicone
AMO - Rendering Systems,Silicone Render,silicone render installers,Phrase,2.50,https://amorendering.co.uk/free-quote/silicone
AMO - Rendering Systems,Monocouche Render,monocouche render,Phrase,2.50,https://amorendering.co.uk/free-quote/monocouche
AMO - Rendering Systems,Monocouche Render,monocouche render near me,Phrase,2.50,https://amorendering.co.uk/free-quote/monocouche
AMO - Rendering Systems,Monocouche Render,monocouche render quote,Exact,2.80,https://amorendering.co.uk/free-quote/monocouche
AMO - Rendering Systems,Monocouche Render,monocouche rendering installers,Phrase,2.50,https://amorendering.co.uk/free-quote/monocouche
AMO - Rendering Systems,K-Rend,k rend,Phrase,2.50,https://amorendering.co.uk/free-quote/k-rend
AMO - Rendering Systems,K-Rend,k-rend render,Phrase,2.50,https://amorendering.co.uk/free-quote/k-rend
AMO - Rendering Systems,K-Rend,k rend applicators near me,Phrase,2.80,https://amorendering.co.uk/free-quote/k-rend
AMO - Rendering Systems,K-Rend,k rend approved applicator,Phrase,2.80,https://amorendering.co.uk/free-quote/k-rend
AMO - Rendering Systems,K-Rend,k rend quote essex,Exact,2.80,https://amorendering.co.uk/free-quote/k-rend
AMO - Repairs,Render Repairs,render repair,Phrase,2.00,https://amorendering.co.uk/free-quote/repairs
AMO - Repairs,Render Repairs,render repair near me,Phrase,2.20,https://amorendering.co.uk/free-quote/repairs
AMO - Repairs,Render Repairs,cracked render repair,Phrase,2.20,https://amorendering.co.uk/free-quote/repairs
AMO - Repairs,Render Repairs,blown render repair,Phrase,2.20,https://amorendering.co.uk/free-quote/repairs
AMO - Repairs,Render Repairs,repair rendering on house,Phrase,2.00,https://amorendering.co.uk/free-quote/repairs
AMO - Repairs,Render Repairs,render repairs essex,Exact,2.20,https://amorendering.co.uk/free-quote/repairs
AMO - Repairs,Pebble Dash Removal,pebble dash removal,Phrase,2.20,https://amorendering.co.uk/free-quote/pebble-dash
AMO - Repairs,Pebble Dash Removal,pebbledash removal near me,Phrase,2.40,https://amorendering.co.uk/free-quote/pebble-dash
AMO - Repairs,Pebble Dash Removal,remove pebble dash,Phrase,2.20,https://amorendering.co.uk/free-quote/pebble-dash
AMO - Repairs,Pebble Dash Removal,render over pebbledash,Phrase,2.20,https://amorendering.co.uk/free-quote/pebble-dash
AMO - Repairs,Pebble Dash Removal,pebble dash removal quote,Exact,2.40,https://amorendering.co.uk/free-quote/pebble-dash
