Campaign,Keyword,Match Type
AMO - Rendering Core,"how to",Phrase
AMO - Rendering Core,"how to render",Phrase
AMO - Rendering Core,"how much",Phrase
AMO - Rendering Core,"average cost",Phrase
AMO - Rendering Core,"price per bag",Phrase
AMO - Rendering Core,"per bag",Phrase
AMO - Rendering Core,"can you",Phrase
AMO - Rendering Core,"do i need",Phrase
AMO - Rendering Core,"render yourself",Phrase
AMO - Rendering Core,"diy",Phrase
AMO - Rendering Core,"training",Phrase
AMO - Rendering Core,"course",Phrase
AMO - Rendering Core,"qualification",Phrase
AMO - Rendering Core,"apprenticeship",Phrase
AMO - Rendering Core,"nvq",Phrase
AMO - Rendering Core,"jobs",Phrase
AMO - Rendering Core,"careers",Phrase
AMO - Rendering Core,"hiring",Phrase
AMO - Rendering Core,"vacancy",Phrase
AMO - Rendering Core,"buy",Phrase
AMO - Rendering Core,"shop",Phrase
AMO - Rendering Core,"store",Phrase
AMO - Rendering Core,"supplier",Phrase
AMO - Rendering Core,"suppliers",Phrase
AMO - Rendering Core,"stockists",Phrase
AMO - Rendering Core,"tools",Phrase
AMO - Rendering Core,"kit",Phrase
AMO - Rendering Core,"b&q",Phrase
AMO - Rendering Core,"wickes",Phrase
AMO - Rendering Core,"screwfix",Phrase
AMO - Rendering Core,"toolstation",Phrase
AMO - Rendering Core,"travis perkins",Phrase
AMO - Rendering Core,"jewson",Phrase
AMO - Rendering Core,"primer",Phrase
AMO - Rendering Core,"sealant",Phrase
AMO - Rendering Core,"adhesive",Phrase
AMO - Rendering Core,"filler",Phrase
AMO - Rendering Core,"mortar",Phrase
AMO - Rendering Core,"mesh",Phrase
AMO - Rendering Core,"beads",Phrase
AMO - Rendering Core,"boards",Phrase
AMO - Rendering Core,"board",Phrase
AMO - Rendering Core,"plasterboard",Phrase
AMO - Rendering Core,"basecoat",Phrase
AMO - Rendering Core,"base coat",Phrase
AMO - Rendering Core,"top coat",Phrase
AMO - Rendering Core,"paint",Phrase
AMO - Rendering Core,"colour",Phrase
AMO - Rendering Core,"colours",Phrase
AMO - Rendering Core,"samples",Phrase
AMO - Rendering Core,"sample",Phrase
AMO - Rendering Core,"calculator",Phrase
AMO - Rendering Core,"pdf",Phrase
AMO - Rendering Core,"grants",Phrase
AMO - Rendering Core,"grant",Phrase
AMO - Rendering Core,"eco4",Phrase
AMO - Rendering Core,"free insulation",Phrase
AMO - Rendering Core,"free external wall insulation",Phrase
AMO - Rendering Core,"cavity wall",Phrase
AMO - Rendering Core,"internal insulation",Phrase
AMO - Rendering Core,"internally",Phrase
AMO - Rendering Core,"render pump",Phrase
AMO - Rendering Core,"render mixer",Phrase
AMO - Rendering Core,"render machine",Phrase
AMO - Rendering Core,"spray machine",Phrase
AMO - Rendering Core,"premixed",Phrase
AMO - Rendering Core,"pre mixed",Phrase
AMO - Rendering Core,"weber",Phrase
AMO - Rendering Core,"weberpral",Phrase
AMO - Rendering Core,"kingspan",Phrase
AMO - Rendering Core,"knauf",Phrase
AMO - Rendering Core,"celotex",Phrase
AMO - Rendering Core,"rockwool",Phrase
AMO - Rendering Core,"kooltherm",Phrase
AMO - Rendering Core,"parex",Phrase
AMO - Rendering Core,"ceresit",Phrase
AMO - Rendering Core,"baumit",Phrase
AMO - Rendering Core,"licata",Phrase
AMO - Rendering Core,"atlas",Phrase
AMO - Rendering Core,"johnstone",Phrase
AMO - Rendering Core,"johnstones",Phrase
AMO - Rendering Core,"envirowall",Phrase
AMO - Rendering Core,"ecorend",Phrase
AMO - Rendering Core,"eco rend",Phrase
AMO - Rendering Core,"hpx",Phrase
AMO - Rendering Core,"hp12",Phrase
AMO - Rendering Core,"leeds",Phrase
AMO - Rendering Core,"liverpool",Phrase
AMO - Rendering Core,"manchester",Phrase
AMO - Rendering Core,"north west",Phrase
AMO - Rendering Core,"wikipedia",Phrase
AMO - Rendering Core,"reddit",Phrase
AMO - Rendering Core,"youtube",Phrase
AMO - Rendering Core,"video",Phrase
AMO - Rendering Core,"images",Phrase
AMO - Rendering Core,"pictures",Phrase
AMO - Rendering Core,"ideas",Phrase
AMO - Rendering Core,"before and after",Phrase
AMO - Rendering Core,"planning permission",Phrase
AMO - Rendering Core,"building regs",Phrase
AMO - Rendering Core,"building regulations",Phrase
AMO - Rendering Core,"what is",Phrase
AMO - Rendering Core,"pros and cons",Phrase
AMO - Rendering Core,"disadvantages",Phrase
AMO - Rendering Core,"life expectancy",Phrase
AMO - Rendering Core,"how long does",Phrase
AMO - Rendering Core,"salary",Phrase
AMO - Rendering Core,"wage",Phrase
AMO - Rendering Core,"day rate",Phrase
AMO - Rendering Core,"labourer",Phrase
AMO - Rendering Core,"subcontractor",Phrase
AMO - Rendering Core,"cscs",Phrase
AMO - Rendering Core,"recruitment",Phrase
AMO - Rendering Core,"checkatrade",Phrase
AMO - Rendering Core,"mybuilder",Phrase
AMO - Rendering Core,"rated people",Phrase
AMO - Rendering Core,"ratedpeople",Phrase
AMO - Rendering Core,"trustatrader",Phrase
AMO - Rendering Core,"yell",Phrase
AMO - Rendering Core,"which",Phrase
AMO - Rendering Core,"trustpilot",Phrase
AMO - Rendering Core,"ewi specialist",Phrase
AMO - Rendering Core,"bro therm",Phrase
AMO - Rendering Core,"bro-therm",Phrase
AMO - Rendering Core,"essex render pros",Phrase
AMO - Rendering Core,"ultimate plastering",Phrase
AMO - Rendering Core,"a90 construction",Phrase
AMO - Rendering Core,"crafting spaces",Phrase
AMO - Rendering Core,"internal plastering",Phrase
AMO - Rendering Core,"skimming",Phrase
AMO - Rendering Core,"plastering course",Phrase
AMO - Rendering Core,"artex",Phrase
AMO - Rendering Core,"damp proofing",Phrase
AMO - Rendering Core,"scaffolding",Phrase
AMO - Rendering Core,"scaffold hire",Phrase
AMO - Rendering Core,"chimney",Phrase
AMO - Rendering Core,"roofing",Phrase
AMO - Rendering Core,"driveway",Phrase
AMO - Rendering Core,"guttering",Phrase
AMO - Rendering Core,"birmingham",Phrase
AMO - Rendering Core,"bristol",Phrase
AMO - Rendering Core,"glasgow",Phrase
AMO - Rendering Core,"cardiff",Phrase
AMO - Rendering Core,"newcastle",Phrase
AMO - Rendering Core,"sheffield",Phrase
AMO - Rendering Core,"nottingham",Phrase
AMO - Rendering Core,"leicester",Phrase
AMO - Rendering Core,"scotland",Phrase
AMO - Rendering Core,"wales",Phrase
AMO - Rendering Core,"ireland",Phrase
AMO - Rendering Core,"yorkshire",Phrase
AMO - Rendering Core,"midlands",Phrase
AMO - Rendering Systems,"how to",Phrase
AMO - Rendering Systems,"how to render",Phrase
AMO - Rendering Systems,"how much",Phrase
AMO - Rendering Systems,"average cost",Phrase
AMO - Rendering Systems,"price per bag",Phrase
AMO - Rendering Systems,"per bag",Phrase
AMO - Rendering Systems,"can you",Phrase
AMO - Rendering Systems,"do i need",Phrase
AMO - Rendering Systems,"render yourself",Phrase
AMO - Rendering Systems,"diy",Phrase
AMO - Rendering Systems,"training",Phrase
AMO - Rendering Systems,"course",Phrase
AMO - Rendering Systems,"qualification",Phrase
AMO - Rendering Systems,"apprenticeship",Phrase
AMO - Rendering Systems,"nvq",Phrase
AMO - Rendering Systems,"jobs",Phrase
AMO - Rendering Systems,"careers",Phrase
AMO - Rendering Systems,"hiring",Phrase
AMO - Rendering Systems,"vacancy",Phrase
AMO - Rendering Systems,"buy",Phrase
AMO - Rendering Systems,"shop",Phrase
AMO - Rendering Systems,"store",Phrase
AMO - Rendering Systems,"supplier",Phrase
AMO - Rendering Systems,"suppliers",Phrase
AMO - Rendering Systems,"stockists",Phrase
AMO - Rendering Systems,"tools",Phrase
AMO - Rendering Systems,"kit",Phrase
AMO - Rendering Systems,"b&q",Phrase
AMO - Rendering Systems,"wickes",Phrase
AMO - Rendering Systems,"screwfix",Phrase
AMO - Rendering Systems,"toolstation",Phrase
AMO - Rendering Systems,"travis perkins",Phrase
AMO - Rendering Systems,"jewson",Phrase
AMO - Rendering Systems,"primer",Phrase
AMO - Rendering Systems,"sealant",Phrase
AMO - Rendering Systems,"adhesive",Phrase
AMO - Rendering Systems,"filler",Phrase
AMO - Rendering Systems,"mortar",Phrase
AMO - Rendering Systems,"mesh",Phrase
AMO - Rendering Systems,"beads",Phrase
AMO - Rendering Systems,"boards",Phrase
AMO - Rendering Systems,"board",Phrase
AMO - Rendering Systems,"plasterboard",Phrase
AMO - Rendering Systems,"basecoat",Phrase
AMO - Rendering Systems,"base coat",Phrase
AMO - Rendering Systems,"top coat",Phrase
AMO - Rendering Systems,"paint",Phrase
AMO - Rendering Systems,"colour",Phrase
AMO - Rendering Systems,"colours",Phrase
AMO - Rendering Systems,"samples",Phrase
AMO - Rendering Systems,"sample",Phrase
AMO - Rendering Systems,"calculator",Phrase
AMO - Rendering Systems,"pdf",Phrase
AMO - Rendering Systems,"grants",Phrase
AMO - Rendering Systems,"grant",Phrase
AMO - Rendering Systems,"eco4",Phrase
AMO - Rendering Systems,"free insulation",Phrase
AMO - Rendering Systems,"free external wall insulation",Phrase
AMO - Rendering Systems,"cavity wall",Phrase
AMO - Rendering Systems,"internal insulation",Phrase
AMO - Rendering Systems,"internally",Phrase
AMO - Rendering Systems,"render pump",Phrase
AMO - Rendering Systems,"render mixer",Phrase
AMO - Rendering Systems,"render machine",Phrase
AMO - Rendering Systems,"spray machine",Phrase
AMO - Rendering Systems,"premixed",Phrase
AMO - Rendering Systems,"pre mixed",Phrase
AMO - Rendering Systems,"weber",Phrase
AMO - Rendering Systems,"weberpral",Phrase
AMO - Rendering Systems,"kingspan",Phrase
AMO - Rendering Systems,"knauf",Phrase
AMO - Rendering Systems,"celotex",Phrase
AMO - Rendering Systems,"rockwool",Phrase
AMO - Rendering Systems,"kooltherm",Phrase
AMO - Rendering Systems,"parex",Phrase
AMO - Rendering Systems,"ceresit",Phrase
AMO - Rendering Systems,"baumit",Phrase
AMO - Rendering Systems,"licata",Phrase
AMO - Rendering Systems,"atlas",Phrase
AMO - Rendering Systems,"johnstone",Phrase
AMO - Rendering Systems,"johnstones",Phrase
AMO - Rendering Systems,"envirowall",Phrase
AMO - Rendering Systems,"ecorend",Phrase
AMO - Rendering Systems,"eco rend",Phrase
AMO - Rendering Systems,"hpx",Phrase
AMO - Rendering Systems,"hp12",Phrase
AMO - Rendering Systems,"leeds",Phrase
AMO - Rendering Systems,"liverpool",Phrase
AMO - Rendering Systems,"manchester",Phrase
AMO - Rendering Systems,"north west",Phrase
AMO - Rendering Systems,"wikipedia",Phrase
AMO - Rendering Systems,"reddit",Phrase
AMO - Rendering Systems,"youtube",Phrase
AMO - Rendering Systems,"video",Phrase
AMO - Rendering Systems,"images",Phrase
AMO - Rendering Systems,"pictures",Phrase
AMO - Rendering Systems,"ideas",Phrase
AMO - Rendering Systems,"before and after",Phrase
AMO - Rendering Systems,"planning permission",Phrase
AMO - Rendering Systems,"building regs",Phrase
AMO - Rendering Systems,"building regulations",Phrase
AMO - Rendering Systems,"what is",Phrase
AMO - Rendering Systems,"pros and cons",Phrase
AMO - Rendering Systems,"disadvantages",Phrase
AMO - Rendering Systems,"life expectancy",Phrase
AMO - Rendering Systems,"how long does",Phrase
AMO - Rendering Systems,"salary",Phrase
AMO - Rendering Systems,"wage",Phrase
AMO - Rendering Systems,"day rate",Phrase
AMO - Rendering Systems,"labourer",Phrase
AMO - Rendering Systems,"subcontractor",Phrase
AMO - Rendering Systems,"cscs",Phrase
AMO - Rendering Systems,"recruitment",Phrase
AMO - Rendering Systems,"checkatrade",Phrase
AMO - Rendering Systems,"mybuilder",Phrase
AMO - Rendering Systems,"rated people",Phrase
AMO - Rendering Systems,"ratedpeople",Phrase
AMO - Rendering Systems,"trustatrader",Phrase
AMO - Rendering Systems,"yell",Phrase
AMO - Rendering Systems,"which",Phrase
AMO - Rendering Systems,"trustpilot",Phrase
AMO - Rendering Systems,"ewi specialist",Phrase
AMO - Rendering Systems,"bro therm",Phrase
AMO - Rendering Systems,"bro-therm",Phrase
AMO - Rendering Systems,"essex render pros",Phrase
AMO - Rendering Systems,"ultimate plastering",Phrase
AMO - Rendering Systems,"a90 construction",Phrase
AMO - Rendering Systems,"crafting spaces",Phrase
AMO - Rendering Systems,"internal plastering",Phrase
AMO - Rendering Systems,"skimming",Phrase
AMO - Rendering Systems,"plastering course",Phrase
AMO - Rendering Systems,"artex",Phrase
AMO - Rendering Systems,"damp proofing",Phrase
AMO - Rendering Systems,"scaffolding",Phrase
AMO - Rendering Systems,"scaffold hire",Phrase
AMO - Rendering Systems,"chimney",Phrase
AMO - Rendering Systems,"roofing",Phrase
AMO - Rendering Systems,"driveway",Phrase
AMO - Rendering Systems,"guttering",Phrase
AMO - Rendering Systems,"birmingham",Phrase
AMO - Rendering Systems,"bristol",Phrase
AMO - Rendering Systems,"glasgow",Phrase
AMO - Rendering Systems,"cardiff",Phrase
AMO - Rendering Systems,"newcastle",Phrase
AMO - Rendering Systems,"sheffield",Phrase
AMO - Rendering Systems,"nottingham",Phrase
AMO - Rendering Systems,"leicester",Phrase
AMO - Rendering Systems,"scotland",Phrase
AMO - Rendering Systems,"wales",Phrase
AMO - Rendering Systems,"ireland",Phrase
AMO - Rendering Systems,"yorkshire",Phrase
AMO - Rendering Systems,"midlands",Phrase
AMO - Repairs,"how to",Phrase
AMO - Repairs,"how to render",Phrase
AMO - Repairs,"how much",Phrase
AMO - Repairs,"average cost",Phrase
AMO - Repairs,"price per bag",Phrase
AMO - Repairs,"per bag",Phrase
AMO - Repairs,"can you",Phrase
AMO - Repairs,"do i need",Phrase
AMO - Repairs,"render yourself",Phrase
AMO - Repairs,"diy",Phrase
AMO - Repairs,"training",Phrase
AMO - Repairs,"course",Phrase
AMO - Repairs,"qualification",Phrase
AMO - Repairs,"apprenticeship",Phrase
AMO - Repairs,"nvq",Phrase
AMO - Repairs,"jobs",Phrase
AMO - Repairs,"careers",Phrase
AMO - Repairs,"hiring",Phrase
AMO - Repairs,"vacancy",Phrase
AMO - Repairs,"buy",Phrase
AMO - Repairs,"shop",Phrase
AMO - Repairs,"store",Phrase
AMO - Repairs,"supplier",Phrase
AMO - Repairs,"suppliers",Phrase
AMO - Repairs,"stockists",Phrase
AMO - Repairs,"tools",Phrase
AMO - Repairs,"kit",Phrase
AMO - Repairs,"b&q",Phrase
AMO - Repairs,"wickes",Phrase
AMO - Repairs,"screwfix",Phrase
AMO - Repairs,"toolstation",Phrase
AMO - Repairs,"travis perkins",Phrase
AMO - Repairs,"jewson",Phrase
AMO - Repairs,"primer",Phrase
AMO - Repairs,"sealant",Phrase
AMO - Repairs,"adhesive",Phrase
AMO - Repairs,"filler",Phrase
AMO - Repairs,"mortar",Phrase
AMO - Repairs,"mesh",Phrase
AMO - Repairs,"beads",Phrase
AMO - Repairs,"boards",Phrase
AMO - Repairs,"board",Phrase
AMO - Repairs,"plasterboard",Phrase
AMO - Repairs,"basecoat",Phrase
AMO - Repairs,"base coat",Phrase
AMO - Repairs,"top coat",Phrase
AMO - Repairs,"paint",Phrase
AMO - Repairs,"colour",Phrase
AMO - Repairs,"colours",Phrase
AMO - Repairs,"samples",Phrase
AMO - Repairs,"sample",Phrase
AMO - Repairs,"calculator",Phrase
AMO - Repairs,"pdf",Phrase
AMO - Repairs,"grants",Phrase
AMO - Repairs,"grant",Phrase
AMO - Repairs,"eco4",Phrase
AMO - Repairs,"free insulation",Phrase
AMO - Repairs,"free external wall insulation",Phrase
AMO - Repairs,"cavity wall",Phrase
AMO - Repairs,"internal insulation",Phrase
AMO - Repairs,"internally",Phrase
AMO - Repairs,"render pump",Phrase
AMO - Repairs,"render mixer",Phrase
AMO - Repairs,"render machine",Phrase
AMO - Repairs,"spray machine",Phrase
AMO - Repairs,"premixed",Phrase
AMO - Repairs,"pre mixed",Phrase
AMO - Repairs,"weber",Phrase
AMO - Repairs,"weberpral",Phrase
AMO - Repairs,"kingspan",Phrase
AMO - Repairs,"knauf",Phrase
AMO - Repairs,"celotex",Phrase
AMO - Repairs,"rockwool",Phrase
AMO - Repairs,"kooltherm",Phrase
AMO - Repairs,"parex",Phrase
AMO - Repairs,"ceresit",Phrase
AMO - Repairs,"baumit",Phrase
AMO - Repairs,"licata",Phrase
AMO - Repairs,"atlas",Phrase
AMO - Repairs,"johnstone",Phrase
AMO - Repairs,"johnstones",Phrase
AMO - Repairs,"envirowall",Phrase
AMO - Repairs,"ecorend",Phrase
AMO - Repairs,"eco rend",Phrase
AMO - Repairs,"hpx",Phrase
AMO - Repairs,"hp12",Phrase
AMO - Repairs,"leeds",Phrase
AMO - Repairs,"liverpool",Phrase
AMO - Repairs,"manchester",Phrase
AMO - Repairs,"north west",Phrase
AMO - Repairs,"wikipedia",Phrase
AMO - Repairs,"reddit",Phrase
AMO - Repairs,"youtube",Phrase
AMO - Repairs,"video",Phrase
AMO - Repairs,"images",Phrase
AMO - Repairs,"pictures",Phrase
AMO - Repairs,"ideas",Phrase
AMO - Repairs,"before and after",Phrase
AMO - Repairs,"planning permission",Phrase
AMO - Repairs,"building regs",Phrase
AMO - Repairs,"building regulations",Phrase
AMO - Repairs,"what is",Phrase
AMO - Repairs,"pros and cons",Phrase
AMO - Repairs,"disadvantages",Phrase
AMO - Repairs,"life expectancy",Phrase
AMO - Repairs,"how long does",Phrase
AMO - Repairs,"salary",Phrase
AMO - Repairs,"wage",Phrase
AMO - Repairs,"day rate",Phrase
AMO - Repairs,"labourer",Phrase
AMO - Repairs,"subcontractor",Phrase
AMO - Repairs,"cscs",Phrase
AMO - Repairs,"recruitment",Phrase
AMO - Repairs,"checkatrade",Phrase
AMO - Repairs,"mybuilder",Phrase
AMO - Repairs,"rated people",Phrase
AMO - Repairs,"ratedpeople",Phrase
AMO - Repairs,"trustatrader",Phrase
AMO - Repairs,"yell",Phrase
AMO - Repairs,"which",Phrase
AMO - Repairs,"trustpilot",Phrase
AMO - Repairs,"ewi specialist",Phrase
AMO - Repairs,"bro therm",Phrase
AMO - Repairs,"bro-therm",Phrase
AMO - Repairs,"essex render pros",Phrase
AMO - Repairs,"ultimate plastering",Phrase
AMO - Repairs,"a90 construction",Phrase
AMO - Repairs,"crafting spaces",Phrase
AMO - Repairs,"internal plastering",Phrase
AMO - Repairs,"skimming",Phrase
AMO - Repairs,"plastering course",Phrase
AMO - Repairs,"artex",Phrase
AMO - Repairs,"damp proofing",Phrase
AMO - Repairs,"scaffolding",Phrase
AMO - Repairs,"scaffold hire",Phrase
AMO - Repairs,"chimney",Phrase
AMO - Repairs,"roofing",Phrase
AMO - Repairs,"driveway",Phrase
AMO - Repairs,"guttering",Phrase
AMO - Repairs,"birmingham",Phrase
AMO - Repairs,"bristol",Phrase
AMO - Repairs,"glasgow",Phrase
AMO - Repairs,"cardiff",Phrase
AMO - Repairs,"newcastle",Phrase
AMO - Repairs,"sheffield",Phrase
AMO - Repairs,"nottingham",Phrase
AMO - Repairs,"leicester",Phrase
AMO - Repairs,"scotland",Phrase
AMO - Repairs,"wales",Phrase
AMO - Repairs,"ireland",Phrase
AMO - Repairs,"yorkshire",Phrase
AMO - Repairs,"midlands",Phrase
