Campaign,Sitelink Text,Sitelink Description 1,Sitelink Description 2,Sitelink Final URL
AMO - Rendering Core,See Our Work,Real jobs across Essex,Photos of finished render,https://amorendering.co.uk/gallery
AMO - Rendering Core,Get A Price Estimate,Rough cost in two minutes,No obligation to book,https://amorendering.co.uk/calculator
AMO - Rendering Core,Areas We Cover,"Grays, Thurrock & Essex",Check we come to you,https://amorendering.co.uk/areas
AMO - Rendering Core,Common Questions,How long does render last?,What it costs and why,https://amorendering.co.uk/faqs
AMO - Rendering Systems,See Our Work,Real jobs across Essex,Photos of finished render,https://amorendering.co.uk/gallery
AMO - Rendering Systems,Get A Price Estimate,Rough cost in two minutes,No obligation to book,https://amorendering.co.uk/calculator
AMO - Rendering Systems,Areas We Cover,"Grays, Thurrock & Essex",Check we come to you,https://amorendering.co.uk/areas
AMO - Rendering Systems,Common Questions,How long does render last?,What it costs and why,https://amorendering.co.uk/faqs
AMO - Repairs,See Our Work,Real jobs across Essex,Photos of finished render,https://amorendering.co.uk/gallery
AMO - Repairs,Get A Price Estimate,Rough cost in two minutes,No obligation to book,https://amorendering.co.uk/calculator
AMO - Repairs,Areas We Cover,"Grays, Thurrock & Essex",Check we come to you,https://amorendering.co.uk/areas
AMO - Repairs,Common Questions,How long does render last?,What it costs and why,https://amorendering.co.uk/faqs
