Campaign,Ad Group,Keyword,Criterion Type,Max CPC,Final URL,Status
AMO - Rendering Services,House Rendering,house rendering,Phrase,2.50,https://amorendering.co.uk/free-quote,Enabled
AMO - Rendering Services,House Rendering,rendering services,Phrase,2.50,https://amorendering.co.uk/free-quote,Enabled
AMO - Rendering Services,House Rendering,rendering company,Phrase,2.50,https://amorendering.co.uk/free-quote,Enabled
AMO - Rendering Services,House Rendering,exterior rendering,Phrase,2.50,https://amorendering.co.uk/free-quote,Enabled
AMO - Rendering Services,House Rendering,rendering near me,Phrase,2.50,https://amorendering.co.uk/free-quote,Enabled
AMO - Rendering Services,House Rendering,render specialists,Phrase,2.50,https://amorendering.co.uk/free-quote,Enabled
AMO - Rendering Services,House Rendering,rendering contractors,Phrase,2.50,https://amorendering.co.uk/free-quote,Enabled
AMO - Rendering Services,House Rendering,renderers near me,Phrase,2.50,https://amorendering.co.uk/free-quote,Enabled
AMO - Rendering Services,House Rendering,rendering quote,Phrase,2.50,https://amorendering.co.uk/free-quote,Enabled
AMO - Rendering Services,House Rendering,house rendering essex,Phrase,2.50,https://amorendering.co.uk/free-quote,Enabled
AMO - Rendering Services,House Rendering,rendering companies near me,Phrase,2.50,https://amorendering.co.uk/free-quote,Enabled
AMO - Rendering Services,Silicone Render,silicone render,Phrase,2.50,https://amorendering.co.uk/free-quote/silicone,Enabled
AMO - Rendering Services,Silicone Render,silicone render essex,Exact,2.50,https://amorendering.co.uk/free-quote/silicone,Enabled
AMO - Rendering Services,Silicone Render,silicone rendering near me,Phrase,2.50,https://amorendering.co.uk/free-quote/silicone,Enabled
AMO - Rendering Services,Silicone Render,silicone rendering cost,Phrase,2.50,https://amorendering.co.uk/free-quote/silicone,Enabled
AMO - Rendering Services,Silicone Render,silicone render quote,Phrase,2.50,https://amorendering.co.uk/free-quote/silicone,Enabled
AMO - Rendering Services,Silicone Render,render my house silicone,Exact,2.50,https://amorendering.co.uk/free-quote/silicone,Enabled
AMO - Rendering Services,Monocouche Render,monocouche render,Phrase,2.50,https://amorendering.co.uk/free-quote/monocouche,Enabled
AMO - Rendering Services,Monocouche Render,monocouche render near me,Phrase,2.50,https://amorendering.co.uk/free-quote/monocouche,Enabled
AMO - Rendering Services,Monocouche Render,monocouche rendering cost,Phrase,2.50,https://amorendering.co.uk/free-quote/monocouche,Enabled
AMO - Rendering Services,Monocouche Render,monocouche render quote,Exact,2.50,https://amorendering.co.uk/free-quote/monocouche,Enabled
AMO - Rendering Services,K-Rend,k rend,Phrase,2.50,https://amorendering.co.uk/free-quote/k-rend,Enabled
AMO - Rendering Services,K-Rend,k rend cost,Phrase,2.50,https://amorendering.co.uk/free-quote/k-rend,Enabled
AMO - Rendering Services,K-Rend,k-rend render,Phrase,2.50,https://amorendering.co.uk/free-quote/k-rend,Enabled
AMO - Rendering Services,K-Rend,k rend applicators near me,Phrase,2.50,https://amorendering.co.uk/free-quote/k-rend,Enabled
AMO - Rendering Services,K-Rend,k rend quote essex,Exact,2.50,https://amorendering.co.uk/free-quote/k-rend,Enabled
AMO - Rendering Services,External Wall Insulation,external wall insulation cost,Phrase,2.50,https://amorendering.co.uk/free-quote/ewi,Enabled
AMO - Rendering Services,External Wall Insulation,external wall insulation,Phrase,2.50,https://amorendering.co.uk/free-quote/ewi,Enabled
AMO - Rendering Services,External Wall Insulation,external wall insulation quote,Exact,2.50,https://amorendering.co.uk/free-quote/ewi,Enabled
AMO - Rendering Services,External Wall Insulation,ewi render,Phrase,2.50,https://amorendering.co.uk/free-quote/ewi,Enabled
AMO - Rendering Services,External Wall Insulation,external wall insulation near me,Phrase,2.50,https://amorendering.co.uk/free-quote/ewi,Enabled
AMO - Rendering Services,Pebble Dash Removal,pebble dash removal,Phrase,2.50,https://amorendering.co.uk/free-quote/pebble-dash,Enabled
AMO - Rendering Services,Pebble Dash Removal,remove pebble dash,Phrase,2.50,https://amorendering.co.uk/free-quote/pebble-dash,Enabled
AMO - Rendering Services,Pebble Dash Removal,pebbledash removal near me,Phrase,2.50,https://amorendering.co.uk/free-quote/pebble-dash,Enabled
AMO - Rendering Services,Pebble Dash Removal,pebbledash removal cost,Phrase,2.50,https://amorendering.co.uk/free-quote/pebble-dash,Enabled
AMO - Rendering Services,Pebble Dash Removal,pebble dash removal quote,Exact,2.50,https://amorendering.co.uk/free-quote/pebble-dash,Enabled
AMO - Rendering Services,Render Repairs,render repair,Phrase,2.00,https://amorendering.co.uk/free-quote/repairs,Enabled
AMO - Rendering Services,Render Repairs,cracked render repair,Phrase,2.00,https://amorendering.co.uk/free-quote/repairs,Enabled
AMO - Rendering Services,Render Repairs,render repair cost,Phrase,2.00,https://amorendering.co.uk/free-quote/repairs,Enabled
AMO - Rendering Services,Render Repairs,render repair near me,Phrase,2.00,https://amorendering.co.uk/free-quote/repairs,Enabled
