Campaign,Keyword,Criterion Type
AMO - Rendering Services,how to,Campaign Negative Phrase
AMO - Rendering Services,training,Campaign Negative Phrase
AMO - Rendering Services,b&q,Campaign Negative Phrase
AMO - Rendering Services,primer,Campaign Negative Phrase
AMO - Rendering Services,samples,Campaign Negative Phrase
AMO - Rendering Services,buy,Campaign Negative Phrase
AMO - Rendering Services,atlas,Campaign Negative Phrase
AMO - Rendering Services,careers,Campaign Negative Phrase
AMO - Rendering Services,jobs,Campaign Negative Phrase
AMO - Rendering Services,tools,Campaign Negative Phrase
AMO - Rendering Services,shop,Campaign Negative Phrase
AMO - Rendering Services,grants,Campaign Negative Phrase
AMO - Rendering Services,supplier,Campaign Negative Phrase
AMO - Rendering Services,leeds,Campaign Negative Phrase
AMO - Rendering Services,board,Campaign Negative Phrase
AMO - Rendering Services,store,Campaign Negative Phrase
AMO - Rendering Services,pdf,Campaign Negative Phrase
AMO - Rendering Services,diy,Campaign Negative Phrase
AMO - Rendering Services,sample,Campaign Negative Phrase
AMO - Rendering Services,calculator,Campaign Negative Phrase
AMO - Rendering Services,liverpool,Campaign Negative Phrase
AMO - Rendering Services,paint,Campaign Negative Phrase
AMO - Rendering Services,adhesive,Campaign Negative Phrase
AMO - Rendering Services,beads,Campaign Negative Phrase
AMO - Rendering Services,suppliers,Campaign Negative Phrase
AMO - Rendering Services,grant,Campaign Negative Phrase
AMO - Rendering Services,hiring,Campaign Negative Phrase
AMO - Rendering Services,rockwool,Campaign Negative Phrase
AMO - Rendering Services,course,Campaign Negative Phrase
AMO - Rendering Services,sealant,Campaign Negative Phrase
AMO - Rendering Services,manchester,Campaign Negative Phrase
AMO - Rendering Services,vacancy,Campaign Negative Phrase
AMO - Rendering Services,qualification,Campaign Negative Phrase
AMO - Rendering Services,apprenticeship,Campaign Negative Phrase
AMO - Rendering Services,colour,Campaign Negative Phrase
AMO - Rendering Services,kit,Campaign Negative Phrase
AMO - Rendering Services,weber,Campaign Negative Phrase
AMO - Rendering Services,filler,Campaign Negative Phrase
AMO - Rendering Services,boards,Campaign Negative Phrase
AMO - Rendering Services,stockists,Campaign Negative Phrase
AMO - Rendering Services,wickes,Campaign Negative Phrase
AMO - Rendering Services,mesh,Campaign Negative Phrase
AMO - Rendering Services,colours,Campaign Negative Phrase
AMO - Rendering Services,johnstone,Campaign Negative Phrase
AMO - Rendering Services,top coat,Campaign Negative Phrase
AMO - Rendering Services,base coat,Campaign Negative Phrase
AMO - Rendering Services,north west,Campaign Negative Phrase
AMO - Rendering Services,plasterboard,Campaign Negative Phrase
AMO - Rendering Services,mortar,Campaign Negative Phrase
AMO - Rendering Services,average cost,Campaign Negative Phrase
AMO - Rendering Services,travis perkins,Campaign Negative Phrase
AMO - Rendering Services,ceresit,Campaign Negative Phrase
AMO - Rendering Services,cavity wall,Campaign Negative Phrase
AMO - Rendering Services,can you,Campaign Negative Phrase
AMO - Rendering Services,jewson,Campaign Negative Phrase
AMO - Rendering Services,parex,Campaign Negative Phrase
AMO - Rendering Services,nvq,Campaign Negative Phrase
AMO - Rendering Services,do i need,Campaign Negative Phrase
AMO - Rendering Services,screwfix,Campaign Negative Phrase
AMO - Rendering Services,kingspan,Campaign Negative Phrase
AMO - Rendering Services,basecoat,Campaign Negative Phrase
AMO - Rendering Services,knauf,Campaign Negative Phrase
AMO - Rendering Services,premixed,Campaign Negative Phrase
AMO - Rendering Services,hpx,Campaign Negative Phrase
AMO - Rendering Services,pre mixed,Campaign Negative Phrase
AMO - Rendering Services,spray machine,Campaign Negative Phrase
AMO - Rendering Services,toolstation,Campaign Negative Phrase
AMO - Rendering Services,licata,Campaign Negative Phrase
AMO - Rendering Services,free insulation,Campaign Negative Phrase
AMO - Rendering Services,baumit,Campaign Negative Phrase
AMO - Rendering Services,internal insulation,Campaign Negative Phrase
AMO - Rendering Services,hp12,Campaign Negative Phrase
AMO - Rendering Services,celotex,Campaign Negative Phrase
AMO - Rendering Services,eco4,Campaign Negative Phrase
AMO - Rendering Services,how to render,Campaign Negative Phrase
AMO - Rendering Services,johnstones,Campaign Negative Phrase
AMO - Rendering Services,internally,Campaign Negative Phrase
AMO - Rendering Services,kooltherm,Campaign Negative Phrase
AMO - Rendering Services,render pump,Campaign Negative Phrase
AMO - Rendering Services,render mixer,Campaign Negative Phrase
AMO - Rendering Services,ecorend,Campaign Negative Phrase
AMO - Rendering Services,free external wall insulation,Campaign Negative Phrase
AMO - Rendering Services,how much,Campaign Negative Phrase
AMO - Rendering Services,price per bag,Campaign Negative Phrase
AMO - Rendering Services,envirowall,Campaign Negative Phrase
AMO - Rendering Services,per bag,Campaign Negative Phrase
AMO - Rendering Services,render machine,Campaign Negative Phrase
AMO - Rendering Services,weberpral,Campaign Negative Phrase
AMO - Rendering Services,eco rend,Campaign Negative Phrase
AMO - Rendering Services,render yourself,Campaign Negative Phrase
